sha2_hash,count
a28888712ae000684144a81fd063fd492e6191aa5179ab52b8889f857d9d655b,907
117c4d4d9848b73b9ca73cb80624207099c463302faa498f939370a35b085816,808
21709ca782f501613c7eaafe7e752f498a4a935995d7682f0498e0ff151075a0,794
f86007dc2cc79681797a0e54481eeaab58d2d4884fb0f5efbc91aebd97ae6cb3,729
9bb4eafd0d1800cac6809fa5a5b8f5bdd6f2e8b5e1a81495fea68e85011cb61b,627
977e6e6e98dde7ae944cdd8219d5d60b657b016d2dc990162c1dd089903cf868,613
de8e1cf53da816d2a25459424651b4dc0107c8e4fea6e076f26f884d1b2f19dd,590
e6589bc0cc1175a26ee466958416cd7179cba66f18e160fa2cb18194f385b6da,526
0de48401e962f8d47459b52d76b74c94649f14c752696ef34faaf1452d76c518,493
5d1a69f657aac54234645cd0476b63df35441a9775d6cde2fb086abde94ba69b,480
3b0c500ee5f7f2064bdc86ace7c622cfe9ca7fb4018974968ebef2a24d26d519,478
cfa9996724cc26b70c25e3caa69ec03641b455921eecd2fdaf02cbc06693547d,437
1dc37ff00f78f72cb5df9f2b76823e9193badd704e83695a00d529a2a7dc9502,433
09a35b0713f3d6010444e82c91f0492727028e49f3a11a25195eb1f8ed2877b9,421
1bd76c8f650b2f62d05d58fe1c1be2c8502895b71d0c11f876c6f311b5ba7bc6,410
16f93dfe70e805226b36731545a737e4650c9c59bbafd054ade2ab792498372a,408
f0942aa7adfa4a565128519cff198e8b53771268f1569b5aafc13128b99d7b5b,381
05b5e81a75e6f4a332f6c8048c52191c4b236c1e878afd6520fd092d00f18f56,354
0b295ae615e58b675d2c201b5f97e4c97be752bf7c0a5ac7327e7233431a6c35,353
9ee4cc0986fe840daf3ccae753257c494c43fe2ea49b75f13d76c9654d573c15,352
ec544106dd9f18798825d0b4a98f4ea5575c71e6d1f75c9a4aa54323182798ff,349
985469205fac256396d83d3d968faee4988a6d9802be0eb77a9f9f0eb228fb03,346
7317845e653ef9e346f506388e990aa9b45287eb9d97e769d9bb8c8b39d7730f,344
82c8157ba1b5e14206cb35bada3c001df2f87a58f922e8c8e12e93574d3c7fca,343
4bb6ccacfc776509a0a0b76aa0d80f3fb73c6615964f493bbeb0fb4a4c9d9a48,329
2def94590f5f97dcc7b59a07fc3383b2683c9a517afe7885d81cff6556128006,325
98104f88bfe7d9aaa7f9258a4e98c64a383024c4509256fed87a3d6310daa591,315
eb509c1469955d43a08e783bdd0d8eb4c2cce9cc63c914666ce1fe77a9d4c11d,302
d95ecd624cbdd14747edb5f2ca336000c2793b6924689776f7770457cefdd845,299
e1d5accbacd5788eef02d1a94658f4795c757290f11657a33ff905b5ba93b80d,288
